time,pstate,pwr_W,pwr_limit,gpu_clk,mem_clk,temp_C,gpu_util,mem_util,throttle,fan0_rpm,fan1_rpm,ec_temp
20:50:12,P0, 115.27, 116.49, 1770, 7001, 67, 81, 100, 0x0000000000000004,4400,4400,87
20:50:14,P0, 53.47, 124.92, 1965, 7001, 65, 1, 100, 0x0000000000000400,4400,4400,86
20:50:16,P0, 36.94, 124.48, 1560, 7001, 62, 12, 100, 0x0000000000000001,4400,4400,86
20:50:18,P0, 102.13, 120.36, 1935, 7001, 65, 60, 100, 0x0000000000000004,4400,4400,88
20:50:21,P0, 109.31, 115.00, 1680, 7001, 67, 72, 100, 0x0000000000000004,4400,4400,88
20:50:23,P0, 113.41, 115.00, 1860, 7001, 68, 82, 100, 0x0000000000000004,4400,4400,88
20:50:25,P0, 113.36, 115.00, 1710, 7001, 69, 80, 100, 0x0000000000000004,4400,4400,89
20:50:27,P0, 114.78, 115.00, 1800, 7001, 70, 92, 100, 0x0000000000000004,4400,4400,90
20:50:29,P0, 114.31, 115.00, 1800, 7001, 70, 92, 100, 0x0000000000000004,4400,4400,90
20:50:32,P0, 112.36, 115.00, 1725, 7001, 71, 82, 100, 0x0000000000000004,4400,4400,90
20:50:34,P0, 112.46, 115.00, 1755, 7001, 72, 87, 100, 0x0000000000000004,4400,4400,90
20:50:36,P0, 111.37, 115.00, 1755, 7001, 72, 80, 100, 0x0000000000000004,4400,4400,90
20:50:38,P0, 111.16, 115.00, 1770, 7001, 72, 88, 100, 0x0000000000000004,4400,4400,92
20:50:40,P0, 114.00, 115.90, 1710, 7001, 73, 86, 100, 0x0000000000000004,4400,4400,91
20:50:43,P0, 115.96, 116.69, 1635, 7001, 73, 94, 100, 0x0000000000000004,4400,4400,91
20:50:45,P0, 113.84, 115.07, 1725, 7001, 74, 80, 100, 0x0000000000000004,4400,4400,90
20:50:47,P0, 113.13, 115.00, 1785, 7001, 74, 70, 100, 0x0000000000000004,4400,4500,91
20:50:49,P0, 111.74, 115.00, 1815, 7001, 74, 72, 100, 0x0000000000000004,4400,4400,92
20:50:51,P0, 112.65, 115.00, 1725, 7001, 75, 77, 100, 0x0000000000000004,4400,4400,92
20:50:54,P0, 113.75, 115.00, 1665, 7001, 75, 95, 100, 0x0000000000000004,4400,4400,93
20:50:56,P0, 113.89, 115.00, 1650, 7001, 76, 90, 100, 0x0000000000000004,4400,4400,93
20:50:58,P0, 114.20, 115.00, 1725, 7001, 76, 85, 100, 0x0000000000000004,4400,4400,93
20:51:00,P0, 113.08, 115.00, 1770, 7001, 76, 84, 100, 0x0000000000000004,4400,4400,94
20:51:02,P0, 114.01, 115.00, 1695, 7001, 77, 92, 100, 0x0000000000000004,4400,4400,96
20:51:04,P0, 114.55, 115.00, 1695, 7001, 77, 87, 100, 0x0000000000000004,4400,4400,96
20:51:07,P0, 113.82, 115.00, 1650, 7001, 77, 81, 100, 0x0000000000000004,4400,4400,96
20:51:09,P0, 114.13, 115.00, 1620, 7001, 78, 91, 100, 0x0000000000000004,4400,4400,97
20:51:11,P0, 117.68, 116.74, 1665, 7001, 78, 91, 100, 0x0000000000000004,4400,4400,96
20:51:13,P0, 113.37, 115.00, 1650, 7001, 78, 87, 100, 0x0000000000000004,4400,4400,96
20:51:15,P0, 114.07, 115.00, 1635, 7001, 78, 87, 100, 0x0000000000000004,4400,4400,97
20:51:18,P0, 113.83, 115.65, 1725, 7001, 79, 85, 100, 0x0000000000000004,4400,4400,97
20:51:20,P0, 115.51, 116.58, 1635, 7001, 79, 91, 100, 0x0000000000000004,4400,4400,96
20:51:22,P0, 114.49, 115.10, 1665, 7001, 79, 88, 100, 0x0000000000000004,4400,4400,96
20:51:24,P0, 113.92, 115.00, 1635, 7001, 80, 90, 100, 0x0000000000000004,4300,4400,96
20:51:26,P0, 117.68, 116.72, 1635, 7001, 80, 91, 100, 0x0000000000000004,4400,4400,97
20:51:28,P0, 114.19, 115.03, 1710, 7001, 80, 86, 100, 0x0000000000000004,4400,4400,98
20:51:31,P0, 114.85, 115.00, 1710, 7001, 80, 91, 100, 0x0000000000000004,4400,4400,99
20:51:33,P0, 114.37, 115.00, 1665, 7001, 80, 81, 100, 0x0000000000000004,4400,4400,99
20:51:35,P0, 114.44, 115.00, 1680, 7001, 81, 86, 100, 0x0000000000000004,4400,4400,100
20:51:37,P0, 114.47, 115.00, 1575, 7001, 81, 97, 100, 0x0000000000000004,4400,4400,100
20:51:39,P0, 113.54, 115.00, 1695, 7001, 81, 86, 100, 0x0000000000000004,4400,4400,99
20:51:42,P0, 113.76, 115.00, 1695, 7001, 81, 79, 100, 0x0000000000000004,4500,4400,100
20:51:44,P0, 113.89, 115.00, 1710, 7001, 82, 81, 100, 0x0000000000000004,4400,4400,100
20:51:46,P0, 113.83, 115.59, 1785, 7001, 82, 81, 100, 0x0000000000000004,4400,4400,99
20:51:48,P0, 113.57, 115.00, 1740, 7001, 82, 83, 100, 0x0000000000000004,4400,4400,99
20:51:50,P0, 113.01, 115.00, 1770, 7001, 82, 78, 100, 0x0000000000000004,4400,4400,100
20:51:53,P0, 113.52, 115.00, 1710, 7001, 82, 84, 100, 0x0000000000000004,4400,4400,100
20:51:55,P0, 112.83, 115.00, 1800, 7001, 83, 73, 100, 0x0000000000000004,4400,4400,100
20:51:57,P0, 117.85, 115.99, 1635, 7001, 83, 85, 100, 0x0000000000000004,4400,4400,100
20:51:59,P0, 115.50, 116.43, 1650, 7001, 83, 87, 100, 0x0000000000000004,4400,4400,99
20:52:01,P0, 117.10, 117.12, 1830, 7001, 83, 65, 100, 0x0000000000000004,4400,4400,99
20:52:04,P0, 114.28, 116.62, 1605, 7001, 83, 89, 100, 0x0000000000000004,4400,4400,99
20:52:06,P0, 124.09, 115.17, 1770, 7001, 84, 70, 100, 0x0000000000000004,4300,4400,98
20:52:08,P0, 106.44, 115.74, 1770, 7001, 84, 73, 100, 0x0000000000000004,4400,4400,99
20:52:10,P0, 117.87, 116.80, 1680, 7001, 84, 87, 100, 0x0000000000000004,4400,4400,99
20:52:12,P0, 114.80, 116.10, 1695, 7001, 84, 87, 100, 0x0000000000000004,4400,4400,99
20:52:15,P0, 114.91, 115.76, 1620, 7001, 84, 97, 100, 0x0000000000000004,4400,4400,99
20:52:17,P0, 116.26, 117.19, 1635, 7001, 84, 92, 100, 0x0000000000000004,4400,4400,99
20:52:19,P0, 115.14, 117.38, 1740, 7001, 85, 79, 100, 0x0000000000000004,4400,4400,99
20:52:21,P0, 122.51, 116.96, 1695, 7001, 84, 57, 100, 0x0000000000000004,4400,4400,99
20:52:23,P0, 116.99, 116.82, 1665, 7001, 84, 92, 100, 0x0000000000000004,4400,4400,99
20:52:25,P0, 115.36, 116.40, 1635, 7001, 85, 81, 100, 0x0000000000000004,4400,4400,99
20:52:28,P0, 115.99, 116.59, 1605, 7001, 85, 92, 100, 0x0000000000000004,4400,4400,100
20:52:30,P0, 116.30, 116.86, 1650, 7001, 85, 97, 100, 0x0000000000000004,4400,4400,100
20:52:32,P0, 116.51, 116.23, 1680, 7001, 85, 98, 100, 0x0000000000000004,4400,4400,100
20:52:34,P0, 119.42, 117.47, 1725, 7001, 85, 77, 100, 0x0000000000000004,4400,4400,100
20:52:36,P0, 121.76, 116.55, 1575, 7001, 86, 92, 100, 0x0000000000000004,4400,4400,100
20:52:38,P0, 113.79, 116.61, 1605, 7001, 86, 98, 100, 0x0000000000000004,4400,4400,100
20:52:41,P0, 117.17, 117.52, 1635, 7001, 86, 87, 100, 0x0000000000000004,4400,4400,100
20:52:43,P0, 112.68, 116.65, 1605, 7001, 86, 92, 100, 0x0000000000000004,4400,4400,100
20:52:45,P0, 117.77, 117.45, 1620, 7001, 86, 96, 100, 0x0000000000000004,4400,4400,100
20:52:47,P0, 118.93, 118.99, 1650, 7001, 86, 95, 100, 0x0000000000000004,4400,4400,100
20:52:49,P3, 50.90, 55.00, 555, 6001, 83, 100, 100, 0x0000000000000024,4400,4400,100
20:52:52,P0, 114.02, 118.39, 1665, 7001, 86, 63, 100, 0x0000000000000004,4400,4400,100
20:52:54,P0, 117.22, 117.36, 1590, 7001, 86, 92, 100, 0x0000000000000004,4400,4400,101
20:52:56,P0, 116.37, 117.81, 1545, 7001, 87, 84, 100, 0x0000000000000004,4400,4400,100
20:52:58,P0, 117.94, 117.62, 1680, 7001, 87, 82, 100, 0x0000000000000004,4400,4400,100
20:53:00,P0, 112.39, 118.10, 1740, 7001, 87, 79, 100, 0x0000000000000004,4400,4400,100
20:53:02,P0, 116.30, 117.83, 1635, 7001, 87, 85, 100, 0x0000000000000004,4400,4400,100
20:53:05,P0, 116.09, 117.41, 1635, 7001, 87, 83, 100, 0x0000000000000004,4400,4400,100
20:53:07,P0, 114.88, 118.38, 1635, 7001, 87, 82, 100, 0x0000000000000004,4400,4400,100
20:53:09,P0, 106.17, 118.22, 1590, 7001, 86, 85, 100, 0x0000000000000020,4400,4400,100
20:53:11,P0, 129.49, 117.92, 1665, 7001, 87, 87, 100, 0x0000000000000020,4400,4400,100
20:53:13,P0, 114.36, 118.08, 1650, 7001, 87, 88, 100, 0x0000000000000020,4400,4400,100
20:53:15,P0, 103.40, 117.57, 1545, 7001, 86, 86, 100, 0x0000000000000020,4300,4400,100
20:53:18,P0, 105.59, 117.75, 1605, 7001, 86, 81, 100, 0x0000000000000020,4400,4400,100
20:53:20,P0, 105.81, 118.09, 1560, 7001, 86, 92, 100, 0x0000000000000020,4400,4400,100
20:53:22,P0, 105.30, 117.92, 1635, 7001, 86, 83, 100, 0x0000000000000020,4400,4400,100
20:53:24,P0, 105.82, 117.92, 1530, 7001, 86, 96, 100, 0x0000000000000020,4400,4400,100
20:53:26,P0, 105.89, 118.11, 1560, 7001, 86, 91, 100, 0x0000000000000020,4400,4400,100
20:53:28,P0, 105.15, 117.94, 1590, 7001, 86, 90, 100, 0x0000000000000020,4300,4400,100
20:53:31,P0, 105.09, 117.94, 1530, 7001, 86, 92, 100, 0x0000000000000020,4400,4400,100
20:53:33,P0, 106.42, 118.47, 1560, 7001, 86, 87, 100, 0x0000000000000020,4400,4400,100
20:53:35,P0, 106.07, 119.07, 1575, 7001, 86, 86, 100, 0x0000000000000020,4400,4400,100
20:53:37,P0, 110.04, 119.57, 1680, 7001, 87, 83, 100, 0x0000000000000020,4400,4400,100
20:53:39,P0, 110.03, 118.92, 1530, 7001, 87, 88, 100, 0x0000000000000020,4400,4400,100
20:53:41,P0, 101.06, 120.93, 1515, 7001, 86, 82, 100, 0x0000000000000020,4400,4400,101
20:53:44,P0, 105.69, 119.78, 1590, 7001, 87, 94, 100, 0x0000000000000020,4400,4400,101
20:53:46,P0, 106.93, 119.74, 1590, 7001, 87, 89, 100, 0x0000000000000020,4400,4400,101
20:53:48,P0, 105.64, 119.54, 1605, 7001, 86, 86, 100, 0x0000000000000020,4400,4400,101
20:53:50,P0, 102.51, 119.09, 1590, 7001, 87, 75, 100, 0x0000000000000020,4400,4400,101
20:53:52,P0, 105.31, 119.09, 1560, 7001, 87, 86, 100, 0x0000000000000020,4400,4400,100
20:53:54,P0, 105.63, 119.55, 1620, 7001, 87, 92, 100, 0x0000000000000020,4400,4400,100
20:53:57,P0, 106.42, 119.19, 1560, 7001, 87, 98, 100, 0x0000000000000020,4400,4400,100
20:53:59,P0, 104.97, 119.31, 1635, 7001, 87, 93, 100, 0x0000000000000020,4400,4400,100
20:54:01,P0, 104.46, 119.18, 1620, 7001, 87, 94, 100, 0x0000000000000020,4400,4400,100
20:54:03,P0, 97.46, 120.19, 1575, 7001, 87, 76, 100, 0x0000000000000020,4400,4400,100
20:54:05,P0, 105.63, 119.27, 1575, 7001, 87, 86, 100, 0x0000000000000020,4300,4400,100
20:54:07,P0, 105.63, 119.98, 1665, 7001, 87, 88, 100, 0x0000000000000020,4400,4400,100
20:54:10,P0, 103.70, 119.81, 1560, 7001, 87, 92, 100, 0x0000000000000020,4400,4400,100
20:54:12,P0, 99.64, 119.66, 1590, 7001, 87, 85, 100, 0x0000000000000020,4400,4400,100
20:54:14,P0, 100.29, 119.32, 1440, 7001, 86, 90, 100, 0x0000000000000020,4400,4400,100
20:54:16,P0, 96.87, 119.98, 1485, 7001, 86, 89, 100, 0x0000000000000020,4400,4400,100
20:54:18,P0, 101.79, 119.98, 1545, 7001, 86, 95, 100, 0x0000000000000020,4400,4500,100
20:54:20,P0, 102.09, 119.49, 1515, 7001, 86, 91, 100, 0x0000000000000020,4400,4400,100
20:54:23,P0, 102.11, 119.57, 1590, 7001, 86, 91, 100, 0x0000000000000020,4500,4400,100
20:54:25,P0, 101.70, 119.47, 1470, 7001, 86, 91, 100, 0x0000000000000020,4400,4400,100
20:54:27,P0, 102.72, 119.91, 1485, 7001, 86, 91, 100, 0x0000000000000020,4400,4400,100
20:54:29,P0, 104.25, 119.92, 1530, 7001, 86, 94, 100, 0x0000000000000020,4400,4400,100
20:54:31,P0, 105.10, 120.32, 1530, 7001, 86, 92, 100, 0x0000000000000020,4400,4400,100
20:54:33,P0, 102.79, 119.95, 1485, 7001, 86, 95, 100, 0x0000000000000020,4400,4400,100
20:54:36,P0, 102.04, 120.08, 1455, 7001, 86, 92, 100, 0x0000000000000020,4400,4400,100
20:54:38,P0, 103.38, 119.88, 1560, 7001, 86, 90, 100, 0x0000000000000020,4400,4400,100
20:54:40,P0, 104.76, 120.47, 1515, 7001, 87, 92, 100, 0x0000000000000020,4400,4400,100
20:54:42,P0, 101.82, 119.87, 1500, 7001, 87, 96, 100, 0x0000000000000020,4400,4400,100
20:54:44,P0, 102.54, 120.68, 1515, 7001, 86, 90, 100, 0x0000000000000020,4400,4400,100
20:54:46,P0, 102.39, 119.72, 1545, 7001, 87, 95, 100, 0x0000000000000020,4400,4400,101
20:54:49,P0, 100.99, 119.72, 1575, 7001, 87, 81, 100, 0x0000000000000020,4400,4400,101
20:54:51,P0, 104.19, 119.96, 1530, 7001, 87, 92, 100, 0x0000000000000020,4400,4400,101
20:54:53,P0, 101.59, 119.74, 1515, 7001, 87, 93, 100, 0x0000000000000020,4400,4400,100
20:54:55,P0, 103.40, 120.14, 1485, 7001, 87, 96, 100, 0x0000000000000020,4400,4400,100
20:54:57,P0, 102.11, 119.92, 1500, 7001, 87, 91, 100, 0x0000000000000020,4500,4400,101
20:54:59,P0, 101.00, 119.92, 1530, 7001, 87, 91, 100, 0x0000000000000020,4400,4400,100
20:55:01,P0, 102.03, 119.90, 1590, 7001, 87, 90, 100, 0x0000000000000020,4400,4400,100
20:55:04,P0, 103.13, 119.91, 1530, 7001, 87, 91, 100, 0x0000000000000020,4400,4400,100
20:55:06,P0, 101.09, 120.08, 1530, 7001, 87, 85, 100, 0x0000000000000020,4400,4400,100
20:55:08,P0, 102.51, 120.14, 1545, 7001, 87, 85, 100, 0x0000000000000020,4400,4400,100
20:55:10,P0, 102.64, 120.16, 1500, 7001, 87, 94, 100, 0x0000000000000020,4400,4400,100
20:55:12,P0, 101.89, 120.15, 1515, 7001, 87, 89, 100, 0x0000000000000020,4400,4500,100
20:55:15,P0, 101.60, 120.01, 1500, 7001, 87, 93, 100, 0x0000000000000020,4400,4400,100
20:55:17,P0, 101.04, 119.82, 1545, 7001, 87, 87, 100, 0x0000000000000020,4400,4400,100
20:55:19,P0, 102.72, 120.61, 1530, 7001, 87, 97, 100, 0x0000000000000020,4400,4400,100
20:55:21,P0, 102.39, 120.08, 1545, 7001, 87, 94, 100, 0x0000000000000020,4400,4400,101
20:55:23,P0, 101.37, 120.86, 1545, 7001, 87, 93, 100, 0x0000000000000020,4400,4400,101
20:55:25,P0, 101.60, 120.12, 1560, 7001, 87, 92, 100, 0x0000000000000020,4400,4400,101
20:55:28,P0, 105.97, 120.04, 1515, 7001, 87, 95, 100, 0x0000000000000020,4400,4400,100
20:55:30,P0, 100.59, 120.04, 1560, 7001, 87, 89, 100, 0x0000000000000020,4400,4400,100
20:55:32,P0, 100.85, 119.83, 1515, 7001, 87, 87, 100, 0x0000000000000020,4400,4400,101
20:55:34,P0, 101.87, 120.16, 1515, 7001, 87, 88, 100, 0x0000000000000020,4400,4400,100
20:55:36,P0, 101.53, 120.92, 1515, 7001, 87, 90, 100, 0x0000000000000020,4400,4400,100
20:55:38,P0, 101.45, 120.92, 1530, 7001, 87, 88, 100, 0x0000000000000020,4500,4400,100
20:55:40,P0, 98.40, 120.94, 1425, 7001, 86, 93, 100, 0x0000000000000020,4400,4400,100
20:55:43,P0, 95.31, 120.73, 1500, 7001, 86, 93, 100, 0x0000000000000020,4400,4400,100
20:55:45,P0, 95.24, 120.32, 1515, 7001, 86, 90, 100, 0x0000000000000020,4400,4400,100
20:55:47,P0, 95.82, 120.60, 1485, 7001, 86, 91, 100, 0x0000000000000020,4400,4400,100
20:55:49,P0, 98.92, 120.87, 1500, 7001, 87, 96, 100, 0x0000000000000020,4400,4400,100
20:55:51,P0, 100.86, 120.60, 1560, 7001, 87, 91, 100, 0x0000000000000020,4400,4400,100
20:55:53,P0, 117.11, 120.93, 1515, 7001, 87, 90, 100, 0x0000000000000020,4400,4400,100
20:55:56,P0, 99.73, 120.57, 1500, 7001, 87, 98, 100, 0x0000000000000020,4400,4400,100
20:55:58,P0, 99.58, 120.04, 1590, 7001, 87, 91, 100, 0x0000000000000020,4400,4400,100
20:56:00,P0, 100.06, 120.18, 1590, 7001, 87, 94, 100, 0x0000000000000020,4400,4400,100
20:56:02,P0, 96.95, 120.27, 1485, 7001, 87, 89, 100, 0x0000000000000020,4400,4400,100
20:56:04,P0, 97.15, 120.06, 1440, 7001, 86, 87, 100, 0x0000000000000020,4400,4400,100
20:56:06,P0, 93.21, 121.35, 1605, 7001, 86, 79, 100, 0x0000000000000020,4400,4400,100
20:56:09,P0, 96.81, 120.38, 1455, 7001, 86, 89, 100, 0x0000000000000020,4400,4400,100
20:56:11,P0, 95.98, 120.57, 1500, 7001, 86, 85, 100, 0x0000000000000020,4400,4400,100
20:56:13,P0, 97.98, 120.61, 1455, 7001, 86, 90, 100, 0x0000000000000020,4400,4400,100
20:56:15,P0, 97.37, 120.97, 1440, 7001, 86, 91, 100, 0x0000000000000020,4400,4400,100
20:56:17,P0, 100.16, 119.72, 1470, 7001, 86, 89, 100, 0x0000000000000020,4400,4400,100
20:56:19,P0, 96.11, 120.15, 1425, 7001, 86, 95, 100, 0x0000000000000020,4400,4400,101
20:56:22,P0, 95.72, 119.90, 1440, 7001, 86, 92, 100, 0x0000000000000020,4400,4400,100
20:56:24,P0, 95.57, 120.03, 1425, 7001, 86, 87, 100, 0x0000000000000020,4400,4400,100
20:56:26,P0, 95.64, 120.03, 1515, 7001, 86, 89, 100, 0x0000000000000020,4400,4400,100
20:56:28,P0, 95.70, 120.03, 1425, 7001, 86, 82, 100, 0x0000000000000020,4400,4400,100
20:56:30,P0, 96.39, 119.49, 1515, 7001, 86, 94, 100, 0x0000000000000020,4400,4400,100
20:56:32,P0, 96.32, 119.84, 1485, 7001, 86, 84, 100, 0x0000000000000020,4400,4400,100
20:56:35,P0, 96.38, 120.12, 1380, 7001, 86, 96, 100, 0x0000000000000020,4400,4400,100
20:56:37,P0, 97.10, 121.05, 1590, 7001, 86, 91, 100, 0x0000000000000020,4400,4400,100
20:56:39,P0, 94.83, 119.88, 1590, 7001, 86, 92, 100, 0x0000000000000020,4400,4400,100
20:56:41,P0, 95.07, 120.59, 1590, 7001, 86, 82, 100, 0x0000000000000020,4400,4400,100
20:56:43,P0, 102.08, 120.96, 1560, 7001, 86, 90, 100, 0x0000000000000020,4400,4400,100
20:56:45,P0, 101.41, 120.04, 1515, 7001, 87, 89, 100, 0x0000000000000020,4400,4400,101
20:56:48,P0, 100.23, 120.04, 1560, 7001, 87, 85, 100, 0x0000000000000020,4400,4400,101
20:56:50,P0, 100.19, 120.85, 1560, 7001, 87, 88, 100, 0x0000000000000020,4400,4400,101
20:56:52,P0, 100.77, 121.30, 1575, 7001, 87, 92, 100, 0x0000000000000020,4400,4400,101
20:56:54,P0, 100.90, 120.62, 1575, 7001, 87, 96, 100, 0x0000000000000020,4400,4400,101
20:56:56,P0, 99.80, 120.78, 1590, 7001, 87, 93, 100, 0x0000000000000020,4400,4400,101
20:56:58,P0, 97.97, 120.57, 1560, 7001, 87, 96, 100, 0x0000000000000020,4400,4400,101
20:57:01,P0, 98.03, 120.73, 1485, 7001, 87, 91, 100, 0x0000000000000020,4400,4400,100
20:57:03,P0, 103.60, 120.22, 1485, 7001, 87, 95, 100, 0x0000000000000020,4400,4500,100
20:57:05,P0, 97.97, 120.43, 1470, 7001, 87, 90, 100, 0x0000000000000020,4400,4400,100
20:57:07,P0, 97.19, 121.52, 1470, 7001, 87, 86, 100, 0x0000000000000020,4500,4400,100
20:57:09,P0, 97.72, 120.90, 1545, 7001, 87, 91, 100, 0x0000000000000020,4400,4400,100
20:57:11,P0, 97.71, 120.90, 1530, 7001, 87, 89, 100, 0x0000000000000020,4500,4400,100
20:57:14,P0, 98.19, 120.57, 1530, 7001, 87, 91, 100, 0x0000000000000020,4400,4400,100
20:57:16,P0, 98.05, 120.57, 1530, 7001, 87, 91, 100, 0x0000000000000020,4400,4400,100
20:57:18,P0, 98.39, 120.66, 1545, 7001, 87, 90, 100, 0x0000000000000020,4400,4400,100
20:57:20,P0, 98.96, 120.66, 1500, 7001, 87, 91, 100, 0x0000000000000020,4400,4400,100
20:57:22,P0, 96.40, 121.28, 1440, 7001, 87, 82, 100, 0x0000000000000020,4400,4400,100
20:57:24,P0, 99.09, 121.28, 1455, 7001, 87, 83, 100, 0x0000000000000020,4400,4400,100
20:57:26,P0, 98.54, 121.20, 1530, 7001, 87, 92, 100, 0x0000000000000020,4400,4400,100
20:57:29,P0, 99.36, 124.28, 1530, 7001, 87, 85, 100, 0x0000000000000020,4400,4400,100
20:57:31,P0, 91.85, 127.82, 1920, 7001, 86, 0, 100, 0x0000000000000420,4400,4400,99
20:57:33,P0, 104.74, 127.70, 1485, 7001, 87, 94, 100, 0x0000000000000020,4400,4400,99
20:57:35,P0, 68.25, 127.84, 1920, 7001, 85, 6, 100, 0x0000000000000400,4400,4500,100
20:57:37,P0, 47.00, 125.60, 1560, 7001, 83, 3, 100, 0x0000000000000001,4400,4400,100
20:57:39,P0, 45.92, 129.88, 1560, 7001, 82, 4, 100, 0x0000000000000001,4400,4400,100
20:57:41,P0, 44.23, 130.00, 1560, 7001, 81, 0, 100, 0x0000000000000001,4400,4400,100
20:57:43,P0, 45.66, 130.00, 1560, 7001, 80, 3, 100, 0x0000000000000001,4400,4400,99
20:57:46,P0, 45.08, 130.00, 1560, 7001, 80, 2, 100, 0x0000000000000001,4400,4400,97
